"nrounds","max_depth","eta","gamma","colsample_bytree","min_child_weight","subsample"
194,11,0.0281585445767269,0.556270808912814,0.891830319818109,7,0.985393245215528
